date,plastic_price,satuan,sumber,metode,scraped_at
1976-06-01,71.0,PPI Index,FRED,csv_api,2026-05-03 01:27:47.487720
1976-07-01,71.9,PPI Index,FRED,csv_api,2026-05-03 01:27:47.487720
1976-08-01,71.8,PPI Index,FRED,csv_api,2026-05-03 01:27:47.487720
1976-09-01,71.5,PPI Index,FRED,csv_api,2026-05-03 01:27:47.487720
1976-10-01,71.5,PPI Index,FRED,csv_api,2026-05-03 01:27:47.487720
1976-11-01,71.5,PPI Index,FRED,csv_api,2026-05-03 01:27:47.487720
1976-12-01,71.4,PPI Index,FRED,csv_api,2026-05-03 01:27:47.487720
1977-01-01,71.0,PPI Index,FRED,csv_api,2026-05-03 01:27:47.487720
1977-02-01,70.9,PPI Index,FRED,csv_api,2026-05-03 01:27:47.487720
1977-03-01,71.5,PPI Index,FRED,csv_api,2026-05-03 01:27:47.487720
1977-04-01,72.0,PPI Index,FRED,csv_api,2026-05-03 01:27:47.487720
1977-05-01,72.3,PPI Index,FRED,csv_api,2026-05-03 01:27:47.487720
1977-06-01,72.7,PPI Index,FRED,csv_api,2026-05-03 01:27:47.487720
1977-07-01,73.5,PPI Index,FRED,csv_api,2026-05-03 01:27:47.487720
1977-08-01,73.5,PPI Index,FRED,csv_api,2026-05-03 01:27:47.487720
1977-09-01,73.6,PPI Index,FRED,csv_api,2026-05-03 01:27:47.487720
1977-10-01,73.5,PPI Index,FRED,csv_api,2026-05-03 01:27:47.487720
1977-11-01,73.4,PPI Index,FRED,csv_api,2026-05-03 01:27:47.487720
1977-12-01,73.2,PPI Index,FRED,csv_api,2026-05-03 01:27:47.487720
1978-01-01,73.3,PPI Index,FRED,csv_api,2026-05-03 01:27:47.487720
1978-02-01,73.1,PPI Index,FRED,csv_api,2026-05-03 01:27:47.487720
1978-03-01,73.3,PPI Index,FRED,csv_api,2026-05-03 01:27:47.487720
1978-04-01,73.4,PPI Index,FRED,csv_api,2026-05-03 01:27:47.487720
1978-05-01,73.9,PPI Index,FRED,csv_api,2026-05-03 01:27:47.487720
1978-06-01,74.1,PPI Index,FRED,csv_api,2026-05-03 01:27:47.487720
1978-07-01,74.2,PPI Index,FRED,csv_api,2026-05-03 01:27:47.487720
1978-08-01,73.9,PPI Index,FRED,csv_api,2026-05-03 01:27:47.487720
1978-09-01,73.8,PPI Index,FRED,csv_api,2026-05-03 01:27:47.487720
1978-10-01,73.7,PPI Index,FRED,csv_api,2026-05-03 01:27:47.487720
1978-11-01,73.6,PPI Index,FRED,csv_api,2026-05-03 01:27:47.487720
1978-12-01,74.2,PPI Index,FRED,csv_api,2026-05-03 01:27:47.487720
1979-01-01,75.3,PPI Index,FRED,csv_api,2026-05-03 01:27:47.487720
1979-02-01,75.9,PPI Index,FRED,csv_api,2026-05-03 01:27:47.487720
1979-03-01,77.5,PPI Index,FRED,csv_api,2026-05-03 01:27:47.487720
1979-04-01,80.8,PPI Index,FRED,csv_api,2026-05-03 01:27:47.487720
1979-05-01,83.5,PPI Index,FRED,csv_api,2026-05-03 01:27:47.487720
1979-06-01,84.2,PPI Index,FRED,csv_api,2026-05-03 01:27:47.487720
1979-07-01,88.7,PPI Index,FRED,csv_api,2026-05-03 01:27:47.487720
1979-08-01,90.7,PPI Index,FRED,csv_api,2026-05-03 01:27:47.487720
1979-09-01,91.5,PPI Index,FRED,csv_api,2026-05-03 01:27:47.487720
1979-10-01,94.3,PPI Index,FRED,csv_api,2026-05-03 01:27:47.487720
1979-11-01,95.0,PPI Index,FRED,csv_api,2026-05-03 01:27:47.487720
1979-12-01,95.2,PPI Index,FRED,csv_api,2026-05-03 01:27:47.487720
1980-01-01,98.3,PPI Index,FRED,csv_api,2026-05-03 01:27:47.487720
1980-02-01,99.2,PPI Index,FRED,csv_api,2026-05-03 01:27:47.487720
1980-03-01,100.0,PPI Index,FRED,csv_api,2026-05-03 01:27:47.487720
1980-04-01,103.9,PPI Index,FRED,csv_api,2026-05-03 01:27:47.487720
1980-05-01,104.5,PPI Index,FRED,csv_api,2026-05-03 01:27:47.487720
1980-06-01,104.3,PPI Index,FRED,csv_api,2026-05-03 01:27:47.487720
1980-07-01,103.7,PPI Index,FRED,csv_api,2026-05-03 01:27:47.487720
1980-08-01,102.5,PPI Index,FRED,csv_api,2026-05-03 01:27:47.487720
1980-09-01,100.5,PPI Index,FRED,csv_api,2026-05-03 01:27:47.487720
1980-10-01,100.4,PPI Index,FRED,csv_api,2026-05-03 01:27:47.487720
1980-11-01,100.5,PPI Index,FRED,csv_api,2026-05-03 01:27:47.487720
1980-12-01,100.0,PPI Index,FRED,csv_api,2026-05-03 01:27:47.487720
1981-01-01,101.1,PPI Index,FRED,csv_api,2026-05-03 01:27:47.487720
1981-02-01,101.9,PPI Index,FRED,csv_api,2026-05-03 01:27:47.487720
1981-03-01,102.8,PPI Index,FRED,csv_api,2026-05-03 01:27:47.487720
1981-04-01,105.1,PPI Index,FRED,csv_api,2026-05-03 01:27:47.487720
1981-05-01,106.2,PPI Index,FRED,csv_api,2026-05-03 01:27:47.487720
1981-06-01,107.0,PPI Index,FRED,csv_api,2026-05-03 01:27:47.487720
1981-07-01,110.0,PPI Index,FRED,csv_api,2026-05-03 01:27:47.487720
1981-08-01,110.4,PPI Index,FRED,csv_api,2026-05-03 01:27:47.487720
1981-09-01,110.7,PPI Index,FRED,csv_api,2026-05-03 01:27:47.487720
1981-10-01,110.9,PPI Index,FRED,csv_api,2026-05-03 01:27:47.487720
1981-11-01,109.1,PPI Index,FRED,csv_api,2026-05-03 01:27:47.487720
1981-12-01,109.5,PPI Index,FRED,csv_api,2026-05-03 01:27:47.487720
1982-01-01,107.0,PPI Index,FRED,csv_api,2026-05-03 01:27:47.487720
1982-02-01,108.3,PPI Index,FRED,csv_api,2026-05-03 01:27:47.487720
1982-03-01,107.2,PPI Index,FRED,csv_api,2026-05-03 01:27:47.487720
1982-04-01,108.4,PPI Index,FRED,csv_api,2026-05-03 01:27:47.487720
1982-05-01,107.1,PPI Index,FRED,csv_api,2026-05-03 01:27:47.487720
1982-06-01,106.7,PPI Index,FRED,csv_api,2026-05-03 01:27:47.487720
1982-07-01,106.6,PPI Index,FRED,csv_api,2026-05-03 01:27:47.487720
1982-08-01,107.2,PPI Index,FRED,csv_api,2026-05-03 01:27:47.487720
1982-09-01,107.3,PPI Index,FRED,csv_api,2026-05-03 01:27:47.487720
1982-10-01,106.9,PPI Index,FRED,csv_api,2026-05-03 01:27:47.487720
1982-11-01,107.4,PPI Index,FRED,csv_api,2026-05-03 01:27:47.487720
1982-12-01,107.3,PPI Index,FRED,csv_api,2026-05-03 01:27:47.487720
1983-01-01,108.1,PPI Index,FRED,csv_api,2026-05-03 01:27:47.487720
1983-02-01,107.6,PPI Index,FRED,csv_api,2026-05-03 01:27:47.487720
1983-03-01,107.0,PPI Index,FRED,csv_api,2026-05-03 01:27:47.487720
1983-04-01,107.9,PPI Index,FRED,csv_api,2026-05-03 01:27:47.487720
1983-05-01,108.9,PPI Index,FRED,csv_api,2026-05-03 01:27:47.487720
1983-06-01,109.4,PPI Index,FRED,csv_api,2026-05-03 01:27:47.487720
1983-07-01,109.8,PPI Index,FRED,csv_api,2026-05-03 01:27:47.487720
1983-08-01,110.6,PPI Index,FRED,csv_api,2026-05-03 01:27:47.487720
1983-09-01,113.2,PPI Index,FRED,csv_api,2026-05-03 01:27:47.487720
1983-10-01,112.0,PPI Index,FRED,csv_api,2026-05-03 01:27:47.487720
1983-11-01,111.7,PPI Index,FRED,csv_api,2026-05-03 01:27:47.487720
1983-12-01,113.1,PPI Index,FRED,csv_api,2026-05-03 01:27:47.487720
1984-01-01,114.6,PPI Index,FRED,csv_api,2026-05-03 01:27:47.487720
1984-02-01,114.4,PPI Index,FRED,csv_api,2026-05-03 01:27:47.487720
1984-03-01,114.7,PPI Index,FRED,csv_api,2026-05-03 01:27:47.487720
1984-04-01,115.4,PPI Index,FRED,csv_api,2026-05-03 01:27:47.487720
1984-05-01,116.0,PPI Index,FRED,csv_api,2026-05-03 01:27:47.487720
1984-06-01,116.2,PPI Index,FRED,csv_api,2026-05-03 01:27:47.487720
1984-07-01,115.7,PPI Index,FRED,csv_api,2026-05-03 01:27:47.487720
1984-08-01,115.7,PPI Index,FRED,csv_api,2026-05-03 01:27:47.487720
1984-09-01,116.4,PPI Index,FRED,csv_api,2026-05-03 01:27:47.487720
1984-10-01,115.5,PPI Index,FRED,csv_api,2026-05-03 01:27:47.487720
1984-11-01,115.5,PPI Index,FRED,csv_api,2026-05-03 01:27:47.487720
1984-12-01,114.1,PPI Index,FRED,csv_api,2026-05-03 01:27:47.487720
1985-01-01,114.1,PPI Index,FRED,csv_api,2026-05-03 01:27:47.487720
1985-02-01,114.3,PPI Index,FRED,csv_api,2026-05-03 01:27:47.487720
1985-03-01,114.5,PPI Index,FRED,csv_api,2026-05-03 01:27:47.487720
1985-04-01,114.1,PPI Index,FRED,csv_api,2026-05-03 01:27:47.487720
1985-05-01,113.5,PPI Index,FRED,csv_api,2026-05-03 01:27:47.487720
1985-06-01,114.6,PPI Index,FRED,csv_api,2026-05-03 01:27:47.487720
1985-07-01,114.3,PPI Index,FRED,csv_api,2026-05-03 01:27:47.487720
1985-08-01,113.9,PPI Index,FRED,csv_api,2026-05-03 01:27:47.487720
1985-09-01,113.4,PPI Index,FRED,csv_api,2026-05-03 01:27:47.487720
1985-10-01,112.0,PPI Index,FRED,csv_api,2026-05-03 01:27:47.487720
1985-11-01,112.1,PPI Index,FRED,csv_api,2026-05-03 01:27:47.487720
1985-12-01,111.9,PPI Index,FRED,csv_api,2026-05-03 01:27:47.487720
1986-01-01,112.2,PPI Index,FRED,csv_api,2026-05-03 01:27:47.487720
1986-02-01,112.6,PPI Index,FRED,csv_api,2026-05-03 01:27:47.487720
1986-03-01,112.5,PPI Index,FRED,csv_api,2026-05-03 01:27:47.487720
1986-04-01,110.7,PPI Index,FRED,csv_api,2026-05-03 01:27:47.487720
1986-05-01,110.4,PPI Index,FRED,csv_api,2026-05-03 01:27:47.487720
1986-06-01,110.3,PPI Index,FRED,csv_api,2026-05-03 01:27:47.487720
1986-07-01,110.8,PPI Index,FRED,csv_api,2026-05-03 01:27:47.487720
1986-08-01,110.2,PPI Index,FRED,csv_api,2026-05-03 01:27:47.487720
1986-09-01,108.7,PPI Index,FRED,csv_api,2026-05-03 01:27:47.487720
1986-10-01,109.6,PPI Index,FRED,csv_api,2026-05-03 01:27:47.487720
1986-11-01,110.2,PPI Index,FRED,csv_api,2026-05-03 01:27:47.487720
1986-12-01,108.8,PPI Index,FRED,csv_api,2026-05-03 01:27:47.487720
1987-01-01,109.1,PPI Index,FRED,csv_api,2026-05-03 01:27:47.487720
1987-02-01,108.5,PPI Index,FRED,csv_api,2026-05-03 01:27:47.487720
1987-03-01,109.7,PPI Index,FRED,csv_api,2026-05-03 01:27:47.487720
1987-04-01,114.1,PPI Index,FRED,csv_api,2026-05-03 01:27:47.487720
1987-05-01,114.7,PPI Index,FRED,csv_api,2026-05-03 01:27:47.487720
1987-06-01,117.3,PPI Index,FRED,csv_api,2026-05-03 01:27:47.487720
1987-07-01,120.9,PPI Index,FRED,csv_api,2026-05-03 01:27:47.487720
1987-08-01,120.9,PPI Index,FRED,csv_api,2026-05-03 01:27:47.487720
1987-09-01,121.9,PPI Index,FRED,csv_api,2026-05-03 01:27:47.487720
1987-10-01,124.2,PPI Index,FRED,csv_api,2026-05-03 01:27:47.487720
1987-11-01,124.9,PPI Index,FRED,csv_api,2026-05-03 01:27:47.487720
1987-12-01,125.1,PPI Index,FRED,csv_api,2026-05-03 01:27:47.487720
1988-01-01,130.9,PPI Index,FRED,csv_api,2026-05-03 01:27:47.487720
1988-02-01,133.5,PPI Index,FRED,csv_api,2026-05-03 01:27:47.487720
1988-03-01,134.4,PPI Index,FRED,csv_api,2026-05-03 01:27:47.487720
1988-04-01,137.1,PPI Index,FRED,csv_api,2026-05-03 01:27:47.487720
1988-05-01,141.8,PPI Index,FRED,csv_api,2026-05-03 01:27:47.487720
1988-06-01,142.8,PPI Index,FRED,csv_api,2026-05-03 01:27:47.487720
1988-07-01,147.1,PPI Index,FRED,csv_api,2026-05-03 01:27:47.487720
1988-08-01,150.7,PPI Index,FRED,csv_api,2026-05-03 01:27:47.487720
1988-09-01,152.1,PPI Index,FRED,csv_api,2026-05-03 01:27:47.487720
1988-10-01,152.1,PPI Index,FRED,csv_api,2026-05-03 01:27:47.487720
1988-11-01,152.7,PPI Index,FRED,csv_api,2026-05-03 01:27:47.487720
1988-12-01,153.0,PPI Index,FRED,csv_api,2026-05-03 01:27:47.487720
1989-01-01,153.4,PPI Index,FRED,csv_api,2026-05-03 01:27:47.487720
1989-02-01,154.7,PPI Index,FRED,csv_api,2026-05-03 01:27:47.487720
1989-03-01,154.3,PPI Index,FRED,csv_api,2026-05-03 01:27:47.487720
1989-04-01,154.5,PPI Index,FRED,csv_api,2026-05-03 01:27:47.487720
1989-05-01,153.4,PPI Index,FRED,csv_api,2026-05-03 01:27:47.487720
1989-06-01,151.8,PPI Index,FRED,csv_api,2026-05-03 01:27:47.487720
1989-07-01,148.9,PPI Index,FRED,csv_api,2026-05-03 01:27:47.487720
1989-08-01,141.9,PPI Index,FRED,csv_api,2026-05-03 01:27:47.487720
1989-09-01,140.5,PPI Index,FRED,csv_api,2026-05-03 01:27:47.487720
1989-10-01,138.9,PPI Index,FRED,csv_api,2026-05-03 01:27:47.487720
1989-11-01,137.8,PPI Index,FRED,csv_api,2026-05-03 01:27:47.487720
1989-12-01,137.4,PPI Index,FRED,csv_api,2026-05-03 01:27:47.487720
1990-01-01,137.7,PPI Index,FRED,csv_api,2026-05-03 01:27:47.487720
1990-02-01,137.3,PPI Index,FRED,csv_api,2026-05-03 01:27:47.487720
1990-03-01,138.1,PPI Index,FRED,csv_api,2026-05-03 01:27:47.487720
1990-04-01,137.6,PPI Index,FRED,csv_api,2026-05-03 01:27:47.487720
1990-05-01,137.5,PPI Index,FRED,csv_api,2026-05-03 01:27:47.487720
1990-06-01,138.0,PPI Index,FRED,csv_api,2026-05-03 01:27:47.487720
1990-07-01,137.1,PPI Index,FRED,csv_api,2026-05-03 01:27:47.487720
1990-08-01,137.5,PPI Index,FRED,csv_api,2026-05-03 01:27:47.487720
1990-09-01,137.7,PPI Index,FRED,csv_api,2026-05-03 01:27:47.487720
1990-10-01,140.5,PPI Index,FRED,csv_api,2026-05-03 01:27:47.487720
1990-11-01,145.3,PPI Index,FRED,csv_api,2026-05-03 01:27:47.487720
1990-12-01,149.6,PPI Index,FRED,csv_api,2026-05-03 01:27:47.487720
1991-01-01,150.0,PPI Index,FRED,csv_api,2026-05-03 01:27:47.487720
1991-02-01,149.5,PPI Index,FRED,csv_api,2026-05-03 01:27:47.487720
1991-03-01,144.7,PPI Index,FRED,csv_api,2026-05-03 01:27:47.487720
1991-04-01,141.1,PPI Index,FRED,csv_api,2026-05-03 01:27:47.487720
1991-05-01,138.5,PPI Index,FRED,csv_api,2026-05-03 01:27:47.487720
1991-06-01,135.9,PPI Index,FRED,csv_api,2026-05-03 01:27:47.487720
1991-07-01,132.8,PPI Index,FRED,csv_api,2026-05-03 01:27:47.487720
1991-08-01,132.8,PPI Index,FRED,csv_api,2026-05-03 01:27:47.487720
1991-09-01,132.5,PPI Index,FRED,csv_api,2026-05-03 01:27:47.487720
1991-10-01,132.3,PPI Index,FRED,csv_api,2026-05-03 01:27:47.487720
1991-11-01,131.8,PPI Index,FRED,csv_api,2026-05-03 01:27:47.487720
1991-12-01,133.5,PPI Index,FRED,csv_api,2026-05-03 01:27:47.487720
1992-01-01,132.0,PPI Index,FRED,csv_api,2026-05-03 01:27:47.487720
1992-02-01,132.0,PPI Index,FRED,csv_api,2026-05-03 01:27:47.487720
1992-03-01,130.2,PPI Index,FRED,csv_api,2026-05-03 01:27:47.487720
1992-04-01,130.1,PPI Index,FRED,csv_api,2026-05-03 01:27:47.487720
1992-05-01,131.3,PPI Index,FRED,csv_api,2026-05-03 01:27:47.487720
1992-06-01,129.9,PPI Index,FRED,csv_api,2026-05-03 01:27:47.487720
1992-07-01,132.8,PPI Index,FRED,csv_api,2026-05-03 01:27:47.487720
1992-08-01,132.5,PPI Index,FRED,csv_api,2026-05-03 01:27:47.487720
1992-09-01,133.2,PPI Index,FRED,csv_api,2026-05-03 01:27:47.487720
1992-10-01,133.2,PPI Index,FRED,csv_api,2026-05-03 01:27:47.487720
1992-11-01,132.4,PPI Index,FRED,csv_api,2026-05-03 01:27:47.487720
1992-12-01,132.6,PPI Index,FRED,csv_api,2026-05-03 01:27:47.487720
1993-01-01,132.8,PPI Index,FRED,csv_api,2026-05-03 01:27:47.487720
1993-02-01,132.9,PPI Index,FRED,csv_api,2026-05-03 01:27:47.487720
1993-03-01,132.5,PPI Index,FRED,csv_api,2026-05-03 01:27:47.487720
1993-04-01,132.2,PPI Index,FRED,csv_api,2026-05-03 01:27:47.487720
1993-05-01,131.5,PPI Index,FRED,csv_api,2026-05-03 01:27:47.487720
1993-06-01,132.0,PPI Index,FRED,csv_api,2026-05-03 01:27:47.487720
1993-07-01,132.2,PPI Index,FRED,csv_api,2026-05-03 01:27:47.487720
1993-08-01,132.8,PPI Index,FRED,csv_api,2026-05-03 01:27:47.487720
1993-09-01,132.7,PPI Index,FRED,csv_api,2026-05-03 01:27:47.487720
1993-10-01,132.3,PPI Index,FRED,csv_api,2026-05-03 01:27:47.487720
1993-11-01,131.9,PPI Index,FRED,csv_api,2026-05-03 01:27:47.487720
1993-12-01,131.9,PPI Index,FRED,csv_api,2026-05-03 01:27:47.487720
1994-01-01,130.8,PPI Index,FRED,csv_api,2026-05-03 01:27:47.487720
1994-02-01,130.4,PPI Index,FRED,csv_api,2026-05-03 01:27:47.487720
1994-03-01,130.3,PPI Index,FRED,csv_api,2026-05-03 01:27:47.487720
1994-04-01,132.1,PPI Index,FRED,csv_api,2026-05-03 01:27:47.487720
1994-05-01,133.2,PPI Index,FRED,csv_api,2026-05-03 01:27:47.487720
1994-06-01,134.6,PPI Index,FRED,csv_api,2026-05-03 01:27:47.487720
1994-07-01,135.3,PPI Index,FRED,csv_api,2026-05-03 01:27:47.487720
1994-08-01,136.9,PPI Index,FRED,csv_api,2026-05-03 01:27:47.487720
1994-09-01,141.1,PPI Index,FRED,csv_api,2026-05-03 01:27:47.487720
1994-10-01,146.3,PPI Index,FRED,csv_api,2026-05-03 01:27:47.487720
1994-11-01,148.8,PPI Index,FRED,csv_api,2026-05-03 01:27:47.487720
1994-12-01,152.6,PPI Index,FRED,csv_api,2026-05-03 01:27:47.487720
1995-01-01,156.9,PPI Index,FRED,csv_api,2026-05-03 01:27:47.487720
1995-02-01,160.6,PPI Index,FRED,csv_api,2026-05-03 01:27:47.487720
1995-03-01,161.5,PPI Index,FRED,csv_api,2026-05-03 01:27:47.487720
1995-04-01,164.5,PPI Index,FRED,csv_api,2026-05-03 01:27:47.487720
1995-05-01,164.7,PPI Index,FRED,csv_api,2026-05-03 01:27:47.487720
1995-06-01,164.5,PPI Index,FRED,csv_api,2026-05-03 01:27:47.487720
1995-07-01,162.7,PPI Index,FRED,csv_api,2026-05-03 01:27:47.487720
1995-08-01,160.8,PPI Index,FRED,csv_api,2026-05-03 01:27:47.487720
1995-09-01,158.2,PPI Index,FRED,csv_api,2026-05-03 01:27:47.487720
1995-10-01,154.6,PPI Index,FRED,csv_api,2026-05-03 01:27:47.487720
1995-11-01,151.1,PPI Index,FRED,csv_api,2026-05-03 01:27:47.487720
1995-12-01,147.8,PPI Index,FRED,csv_api,2026-05-03 01:27:47.487720
1996-01-01,146.1,PPI Index,FRED,csv_api,2026-05-03 01:27:47.487720
1996-02-01,144.7,PPI Index,FRED,csv_api,2026-05-03 01:27:47.487720
1996-03-01,145.0,PPI Index,FRED,csv_api,2026-05-03 01:27:47.487720
1996-04-01,144.4,PPI Index,FRED,csv_api,2026-05-03 01:27:47.487720
1996-05-01,147.2,PPI Index,FRED,csv_api,2026-05-03 01:27:47.487720
1996-06-01,148.7,PPI Index,FRED,csv_api,2026-05-03 01:27:47.487720
1996-07-01,149.8,PPI Index,FRED,csv_api,2026-05-03 01:27:47.487720
1996-08-01,151.9,PPI Index,FRED,csv_api,2026-05-03 01:27:47.487720
1996-09-01,154.4,PPI Index,FRED,csv_api,2026-05-03 01:27:47.487720
1996-10-01,154.5,PPI Index,FRED,csv_api,2026-05-03 01:27:47.487720
1996-11-01,154.6,PPI Index,FRED,csv_api,2026-05-03 01:27:47.487720
1996-12-01,154.2,PPI Index,FRED,csv_api,2026-05-03 01:27:47.487720
1997-01-01,154.1,PPI Index,FRED,csv_api,2026-05-03 01:27:47.487720
1997-02-01,154.8,PPI Index,FRED,csv_api,2026-05-03 01:27:47.487720
1997-03-01,155.6,PPI Index,FRED,csv_api,2026-05-03 01:27:47.487720
1997-04-01,155.6,PPI Index,FRED,csv_api,2026-05-03 01:27:47.487720
1997-05-01,155.5,PPI Index,FRED,csv_api,2026-05-03 01:27:47.487720
1997-06-01,156.0,PPI Index,FRED,csv_api,2026-05-03 01:27:47.487720
1997-07-01,155.7,PPI Index,FRED,csv_api,2026-05-03 01:27:47.487720
1997-08-01,154.0,PPI Index,FRED,csv_api,2026-05-03 01:27:47.487720
1997-09-01,152.4,PPI Index,FRED,csv_api,2026-05-03 01:27:47.487720
1997-10-01,152.3,PPI Index,FRED,csv_api,2026-05-03 01:27:47.487720
1997-11-01,151.1,PPI Index,FRED,csv_api,2026-05-03 01:27:47.487720
1997-12-01,150.3,PPI Index,FRED,csv_api,2026-05-03 01:27:47.487720
1998-01-01,150.4,PPI Index,FRED,csv_api,2026-05-03 01:27:47.487720
1998-02-01,147.6,PPI Index,FRED,csv_api,2026-05-03 01:27:47.487720
1998-03-01,145.1,PPI Index,FRED,csv_api,2026-05-03 01:27:47.487720
1998-04-01,144.4,PPI Index,FRED,csv_api,2026-05-03 01:27:47.487720
1998-05-01,142.6,PPI Index,FRED,csv_api,2026-05-03 01:27:47.487720
1998-06-01,140.1,PPI Index,FRED,csv_api,2026-05-03 01:27:47.487720
1998-07-01,138.3,PPI Index,FRED,csv_api,2026-05-03 01:27:47.487720
1998-08-01,137.0,PPI Index,FRED,csv_api,2026-05-03 01:27:47.487720
1998-09-01,133.2,PPI Index,FRED,csv_api,2026-05-03 01:27:47.487720
1998-10-01,131.8,PPI Index,FRED,csv_api,2026-05-03 01:27:47.487720
1998-11-01,130.4,PPI Index,FRED,csv_api,2026-05-03 01:27:47.487720
1998-12-01,129.2,PPI Index,FRED,csv_api,2026-05-03 01:27:47.487720
1999-01-01,130.1,PPI Index,FRED,csv_api,2026-05-03 01:27:47.487720
1999-02-01,129.7,PPI Index,FRED,csv_api,2026-05-03 01:27:47.487720
1999-03-01,130.8,PPI Index,FRED,csv_api,2026-05-03 01:27:47.487720
1999-04-01,132.3,PPI Index,FRED,csv_api,2026-05-03 01:27:47.487720
1999-05-01,136.2,PPI Index,FRED,csv_api,2026-05-03 01:27:47.487720
1999-06-01,137.5,PPI Index,FRED,csv_api,2026-05-03 01:27:47.487720
1999-07-01,142.6,PPI Index,FRED,csv_api,2026-05-03 01:27:47.487720
1999-08-01,144.3,PPI Index,FRED,csv_api,2026-05-03 01:27:47.487720
1999-09-01,147.9,PPI Index,FRED,csv_api,2026-05-03 01:27:47.487720
1999-10-01,161.3,PPI Index,FRED,csv_api,2026-05-03 01:27:47.487720
1999-11-01,161.3,PPI Index,FRED,csv_api,2026-05-03 01:27:47.487720
1999-12-01,159.1,PPI Index,FRED,csv_api,2026-05-03 01:27:47.487720
2000-01-01,158.3,PPI Index,FRED,csv_api,2026-05-03 01:27:47.487720
2000-02-01,159.5,PPI Index,FRED,csv_api,2026-05-03 01:27:47.487720
2000-03-01,163.2,PPI Index,FRED,csv_api,2026-05-03 01:27:47.487720
2000-04-01,164.3,PPI Index,FRED,csv_api,2026-05-03 01:27:47.487720
2000-05-01,167.5,PPI Index,FRED,csv_api,2026-05-03 01:27:47.487720
2000-06-01,167.0,PPI Index,FRED,csv_api,2026-05-03 01:27:47.487720
2000-07-01,167.3,PPI Index,FRED,csv_api,2026-05-03 01:27:47.487720
2000-08-01,167.8,PPI Index,FRED,csv_api,2026-05-03 01:27:47.487720
2000-09-01,163.7,PPI Index,FRED,csv_api,2026-05-03 01:27:47.487720
2000-10-01,166.0,PPI Index,FRED,csv_api,2026-05-03 01:27:47.487720
2000-11-01,164.3,PPI Index,FRED,csv_api,2026-05-03 01:27:47.487720
2000-12-01,162.9,PPI Index,FRED,csv_api,2026-05-03 01:27:47.487720
2001-01-01,165.6,PPI Index,FRED,csv_api,2026-05-03 01:27:47.487720
2001-02-01,167.1,PPI Index,FRED,csv_api,2026-05-03 01:27:47.487720
2001-03-01,169.3,PPI Index,FRED,csv_api,2026-05-03 01:27:47.487720
2001-04-01,169.6,PPI Index,FRED,csv_api,2026-05-03 01:27:47.487720
2001-05-01,167.6,PPI Index,FRED,csv_api,2026-05-03 01:27:47.487720
2001-06-01,165.3,PPI Index,FRED,csv_api,2026-05-03 01:27:47.487720
2001-07-01,160.4,PPI Index,FRED,csv_api,2026-05-03 01:27:47.487720
2001-08-01,155.6,PPI Index,FRED,csv_api,2026-05-03 01:27:47.487720
2001-09-01,150.6,PPI Index,FRED,csv_api,2026-05-03 01:27:47.487720
2001-10-01,151.5,PPI Index,FRED,csv_api,2026-05-03 01:27:47.487720
2001-11-01,149.9,PPI Index,FRED,csv_api,2026-05-03 01:27:47.487720
2001-12-01,146.3,PPI Index,FRED,csv_api,2026-05-03 01:27:47.487720
2002-01-01,142.7,PPI Index,FRED,csv_api,2026-05-03 01:27:47.487720
2002-02-01,141.2,PPI Index,FRED,csv_api,2026-05-03 01:27:47.487720
2002-03-01,141.7,PPI Index,FRED,csv_api,2026-05-03 01:27:47.487720
2002-04-01,143.0,PPI Index,FRED,csv_api,2026-05-03 01:27:47.487720
2002-05-01,144.1,PPI Index,FRED,csv_api,2026-05-03 01:27:47.487720
2002-06-01,146.2,PPI Index,FRED,csv_api,2026-05-03 01:27:47.487720
2002-07-01,153.4,PPI Index,FRED,csv_api,2026-05-03 01:27:47.487720
2002-08-01,154.2,PPI Index,FRED,csv_api,2026-05-03 01:27:47.487720
2002-09-01,154.3,PPI Index,FRED,csv_api,2026-05-03 01:27:47.487720
2002-10-01,156.6,PPI Index,FRED,csv_api,2026-05-03 01:27:47.487720
2002-11-01,155.1,PPI Index,FRED,csv_api,2026-05-03 01:27:47.487720
2002-12-01,153.9,PPI Index,FRED,csv_api,2026-05-03 01:27:47.487720
2003-01-01,157.8,PPI Index,FRED,csv_api,2026-05-03 01:27:47.487720
2003-02-01,164.2,PPI Index,FRED,csv_api,2026-05-03 01:27:47.487720
2003-03-01,172.7,PPI Index,FRED,csv_api,2026-05-03 01:27:47.487720
2003-04-01,176.3,PPI Index,FRED,csv_api,2026-05-03 01:27:47.487720
2003-05-01,175.4,PPI Index,FRED,csv_api,2026-05-03 01:27:47.487720
2003-06-01,171.3,PPI Index,FRED,csv_api,2026-05-03 01:27:47.487720
2003-07-01,166.9,PPI Index,FRED,csv_api,2026-05-03 01:27:47.487720
2003-08-01,164.6,PPI Index,FRED,csv_api,2026-05-03 01:27:47.487720
2003-09-01,166.2,PPI Index,FRED,csv_api,2026-05-03 01:27:47.487720
2003-10-01,167.6,PPI Index,FRED,csv_api,2026-05-03 01:27:47.487720
2003-11-01,166.2,PPI Index,FRED,csv_api,2026-05-03 01:27:47.487720
2003-12-01,164.8,PPI Index,FRED,csv_api,2026-05-03 01:27:47.487720
2004-01-01,169.0,PPI Index,FRED,csv_api,2026-05-03 01:27:47.487720
2004-02-01,172.9,PPI Index,FRED,csv_api,2026-05-03 01:27:47.487720
2004-03-01,174.7,PPI Index,FRED,csv_api,2026-05-03 01:27:47.487720
2004-04-01,179.1,PPI Index,FRED,csv_api,2026-05-03 01:27:47.487720
2004-05-01,180.4,PPI Index,FRED,csv_api,2026-05-03 01:27:47.487720
2004-06-01,185.7,PPI Index,FRED,csv_api,2026-05-03 01:27:47.487720
2004-07-01,189.2,PPI Index,FRED,csv_api,2026-05-03 01:27:47.487720
2004-08-01,195.2,PPI Index,FRED,csv_api,2026-05-03 01:27:47.487720
2004-09-01,203.8,PPI Index,FRED,csv_api,2026-05-03 01:27:47.487720
2004-10-01,212.2,PPI Index,FRED,csv_api,2026-05-03 01:27:47.487720
2004-11-01,219.4,PPI Index,FRED,csv_api,2026-05-03 01:27:47.487720
2004-12-01,222.1,PPI Index,FRED,csv_api,2026-05-03 01:27:47.487720
2005-01-01,226.6,PPI Index,FRED,csv_api,2026-05-03 01:27:47.487720
2005-02-01,226.9,PPI Index,FRED,csv_api,2026-05-03 01:27:47.487720
2005-03-01,229.1,PPI Index,FRED,csv_api,2026-05-03 01:27:47.487720
2005-04-01,230.6,PPI Index,FRED,csv_api,2026-05-03 01:27:47.487720
2005-05-01,226.3,PPI Index,FRED,csv_api,2026-05-03 01:27:47.487720
2005-06-01,219.9,PPI Index,FRED,csv_api,2026-05-03 01:27:47.487720
2005-07-01,218.7,PPI Index,FRED,csv_api,2026-05-03 01:27:47.487720
2005-08-01,217.1,PPI Index,FRED,csv_api,2026-05-03 01:27:47.487720
2005-09-01,223.0,PPI Index,FRED,csv_api,2026-05-03 01:27:47.487720
2005-10-01,238.6,PPI Index,FRED,csv_api,2026-05-03 01:27:47.487720
2005-11-01,244.3,PPI Index,FRED,csv_api,2026-05-03 01:27:47.487720
2005-12-01,241.2,PPI Index,FRED,csv_api,2026-05-03 01:27:47.487720
2006-01-01,240.0,PPI Index,FRED,csv_api,2026-05-03 01:27:47.487720
2006-02-01,236.4,PPI Index,FRED,csv_api,2026-05-03 01:27:47.487720
2006-03-01,235.4,PPI Index,FRED,csv_api,2026-05-03 01:27:47.487720
2006-04-01,231.6,PPI Index,FRED,csv_api,2026-05-03 01:27:47.487720
2006-05-01,232.6,PPI Index,FRED,csv_api,2026-05-03 01:27:47.487720
2006-06-01,235.1,PPI Index,FRED,csv_api,2026-05-03 01:27:47.487720
2006-07-01,235.8,PPI Index,FRED,csv_api,2026-05-03 01:27:47.487720
2006-08-01,238.7,PPI Index,FRED,csv_api,2026-05-03 01:27:47.487720
2006-09-01,239.9,PPI Index,FRED,csv_api,2026-05-03 01:27:47.487720
2006-10-01,238.3,PPI Index,FRED,csv_api,2026-05-03 01:27:47.487720
2006-11-01,234.3,PPI Index,FRED,csv_api,2026-05-03 01:27:47.487720
2006-12-01,227.6,PPI Index,FRED,csv_api,2026-05-03 01:27:47.487720
2007-01-01,224.5,PPI Index,FRED,csv_api,2026-05-03 01:27:47.487720
2007-02-01,222.4,PPI Index,FRED,csv_api,2026-05-03 01:27:47.487720
2007-03-01,224.0,PPI Index,FRED,csv_api,2026-05-03 01:27:47.487720
2007-04-01,228.8,PPI Index,FRED,csv_api,2026-05-03 01:27:47.487720
2007-05-01,230.0,PPI Index,FRED,csv_api,2026-05-03 01:27:47.487720
2007-06-01,231.8,PPI Index,FRED,csv_api,2026-05-03 01:27:47.487720
2007-07-01,233.5,PPI Index,FRED,csv_api,2026-05-03 01:27:47.487720
2007-08-01,234.4,PPI Index,FRED,csv_api,2026-05-03 01:27:47.487720
2007-09-01,233.4,PPI Index,FRED,csv_api,2026-05-03 01:27:47.487720
2007-10-01,237.0,PPI Index,FRED,csv_api,2026-05-03 01:27:47.487720
2007-11-01,243.5,PPI Index,FRED,csv_api,2026-05-03 01:27:47.487720
2007-12-01,245.8,PPI Index,FRED,csv_api,2026-05-03 01:27:47.487720
2008-01-01,250.0,PPI Index,FRED,csv_api,2026-05-03 01:27:47.487720
2008-02-01,250.2,PPI Index,FRED,csv_api,2026-05-03 01:27:47.487720
2008-03-01,250.6,PPI Index,FRED,csv_api,2026-05-03 01:27:47.487720
2008-04-01,251.3,PPI Index,FRED,csv_api,2026-05-03 01:27:47.487720
2008-05-01,256.1,PPI Index,FRED,csv_api,2026-05-03 01:27:47.487720
2008-06-01,258.6,PPI Index,FRED,csv_api,2026-05-03 01:27:47.487720
2008-07-01,269.8,PPI Index,FRED,csv_api,2026-05-03 01:27:47.487720
2008-08-01,274.4,PPI Index,FRED,csv_api,2026-05-03 01:27:47.487720
2008-09-01,269.5,PPI Index,FRED,csv_api,2026-05-03 01:27:47.487720
2008-10-01,264.8,PPI Index,FRED,csv_api,2026-05-03 01:27:47.487720
2008-11-01,239.1,PPI Index,FRED,csv_api,2026-05-03 01:27:47.487720
2008-12-01,227.1,PPI Index,FRED,csv_api,2026-05-03 01:27:47.487720
2009-01-01,218.8,PPI Index,FRED,csv_api,2026-05-03 01:27:47.487720
2009-02-01,224.7,PPI Index,FRED,csv_api,2026-05-03 01:27:47.487720
2009-03-01,222.0,PPI Index,FRED,csv_api,2026-05-03 01:27:47.487720
2009-04-01,218.4,PPI Index,FRED,csv_api,2026-05-03 01:27:47.487720
2009-05-01,221.6,PPI Index,FRED,csv_api,2026-05-03 01:27:47.487720
2009-06-01,221.3,PPI Index,FRED,csv_api,2026-05-03 01:27:47.487720
2009-07-01,232.0,PPI Index,FRED,csv_api,2026-05-03 01:27:47.487720
2009-08-01,231.5,PPI Index,FRED,csv_api,2026-05-03 01:27:47.487720
2009-09-01,234.8,PPI Index,FRED,csv_api,2026-05-03 01:27:47.487720
2009-10-01,233.4,PPI Index,FRED,csv_api,2026-05-03 01:27:47.487720
2009-11-01,233.5,PPI Index,FRED,csv_api,2026-05-03 01:27:47.487720
2009-12-01,242.1,PPI Index,FRED,csv_api,2026-05-03 01:27:47.487720
2010-01-01,240.0,PPI Index,FRED,csv_api,2026-05-03 01:27:47.487720
2010-02-01,252.8,PPI Index,FRED,csv_api,2026-05-03 01:27:47.487720
2010-03-01,248.7,PPI Index,FRED,csv_api,2026-05-03 01:27:47.487720
2010-04-01,263.9,PPI Index,FRED,csv_api,2026-05-03 01:27:47.487720
2010-05-01,254.0,PPI Index,FRED,csv_api,2026-05-03 01:27:47.487720
2010-06-01,247.6,PPI Index,FRED,csv_api,2026-05-03 01:27:47.487720
2010-07-01,251.7,PPI Index,FRED,csv_api,2026-05-03 01:27:47.487720
2010-08-01,250.0,PPI Index,FRED,csv_api,2026-05-03 01:27:47.487720
2010-09-01,249.2,PPI Index,FRED,csv_api,2026-05-03 01:27:47.487720
2010-10-01,254.1,PPI Index,FRED,csv_api,2026-05-03 01:27:47.487720
2010-11-01,249.4,PPI Index,FRED,csv_api,2026-05-03 01:27:47.487720
2010-12-01,248.0,PPI Index,FRED,csv_api,2026-05-03 01:27:47.487720
2011-01-01,253.0,PPI Index,FRED,csv_api,2026-05-03 01:27:47.487720
2011-02-01,259.7,PPI Index,FRED,csv_api,2026-05-03 01:27:47.487720
2011-03-01,264.7,PPI Index,FRED,csv_api,2026-05-03 01:27:47.487720
2011-04-01,271.0,PPI Index,FRED,csv_api,2026-05-03 01:27:47.487720
2011-05-01,282.6,PPI Index,FRED,csv_api,2026-05-03 01:27:47.487720
2011-06-01,281.9,PPI Index,FRED,csv_api,2026-05-03 01:27:47.487720
2011-07-01,280.5,PPI Index,FRED,csv_api,2026-05-03 01:27:47.487720
2011-08-01,276.6,PPI Index,FRED,csv_api,2026-05-03 01:27:47.487720
2011-09-01,279.2,PPI Index,FRED,csv_api,2026-05-03 01:27:47.487720
2011-10-01,273.7,PPI Index,FRED,csv_api,2026-05-03 01:27:47.487720
2011-11-01,276.0,PPI Index,FRED,csv_api,2026-05-03 01:27:47.487720
2011-12-01,271.1,PPI Index,FRED,csv_api,2026-05-03 01:27:47.487720
2012-01-01,275.9,PPI Index,FRED,csv_api,2026-05-03 01:27:47.487720
2012-02-01,279.6,PPI Index,FRED,csv_api,2026-05-03 01:27:47.487720
2012-03-01,283.4,PPI Index,FRED,csv_api,2026-05-03 01:27:47.487720
2012-04-01,283.9,PPI Index,FRED,csv_api,2026-05-03 01:27:47.487720
2012-05-01,283.1,PPI Index,FRED,csv_api,2026-05-03 01:27:47.487720
2012-06-01,280.3,PPI Index,FRED,csv_api,2026-05-03 01:27:47.487720
2012-07-01,277.0,PPI Index,FRED,csv_api,2026-05-03 01:27:47.487720
2012-08-01,277.5,PPI Index,FRED,csv_api,2026-05-03 01:27:47.487720
2012-09-01,274.0,PPI Index,FRED,csv_api,2026-05-03 01:27:47.487720
2012-10-01,276.9,PPI Index,FRED,csv_api,2026-05-03 01:27:47.487720
2012-11-01,276.9,PPI Index,FRED,csv_api,2026-05-03 01:27:47.487720
2012-12-01,276.3,PPI Index,FRED,csv_api,2026-05-03 01:27:47.487720
2013-01-01,283.1,PPI Index,FRED,csv_api,2026-05-03 01:27:47.487720
2013-02-01,287.7,PPI Index,FRED,csv_api,2026-05-03 01:27:47.487720
2013-03-01,290.9,PPI Index,FRED,csv_api,2026-05-03 01:27:47.487720
2013-04-01,289.4,PPI Index,FRED,csv_api,2026-05-03 01:27:47.487720
2013-05-01,287.1,PPI Index,FRED,csv_api,2026-05-03 01:27:47.487720
2013-06-01,288.1,PPI Index,FRED,csv_api,2026-05-03 01:27:47.487720
2013-07-01,287.1,PPI Index,FRED,csv_api,2026-05-03 01:27:47.487720
2013-08-01,288.2,PPI Index,FRED,csv_api,2026-05-03 01:27:47.487720
2013-09-01,288.8,PPI Index,FRED,csv_api,2026-05-03 01:27:47.487720
2013-10-01,289.2,PPI Index,FRED,csv_api,2026-05-03 01:27:47.487720
2013-11-01,291.3,PPI Index,FRED,csv_api,2026-05-03 01:27:47.487720
2013-12-01,291.5,PPI Index,FRED,csv_api,2026-05-03 01:27:47.487720
2014-01-01,294.7,PPI Index,FRED,csv_api,2026-05-03 01:27:47.487720
2014-02-01,297.8,PPI Index,FRED,csv_api,2026-05-03 01:27:47.487720
2014-03-01,300.0,PPI Index,FRED,csv_api,2026-05-03 01:27:47.487720
2014-04-01,301.1,PPI Index,FRED,csv_api,2026-05-03 01:27:47.487720
2014-05-01,300.5,PPI Index,FRED,csv_api,2026-05-03 01:27:47.487720
2014-06-01,298.2,PPI Index,FRED,csv_api,2026-05-03 01:27:47.487720
2014-07-01,300.2,PPI Index,FRED,csv_api,2026-05-03 01:27:47.487720
2014-08-01,302.8,PPI Index,FRED,csv_api,2026-05-03 01:27:47.487720
2014-09-01,305.0,PPI Index,FRED,csv_api,2026-05-03 01:27:47.487720
2014-10-01,307.1,PPI Index,FRED,csv_api,2026-05-03 01:27:47.487720
2014-11-01,303.2,PPI Index,FRED,csv_api,2026-05-03 01:27:47.487720
2014-12-01,295.7,PPI Index,FRED,csv_api,2026-05-03 01:27:47.487720
2015-01-01,285.4,PPI Index,FRED,csv_api,2026-05-03 01:27:47.487720
2015-02-01,280.8,PPI Index,FRED,csv_api,2026-05-03 01:27:47.487720
2015-03-01,274.0,PPI Index,FRED,csv_api,2026-05-03 01:27:47.487720
2015-04-01,273.2,PPI Index,FRED,csv_api,2026-05-03 01:27:47.487720
2015-05-01,274.1,PPI Index,FRED,csv_api,2026-05-03 01:27:47.487720
2015-06-01,275.6,PPI Index,FRED,csv_api,2026-05-03 01:27:47.487720
2015-07-01,273.8,PPI Index,FRED,csv_api,2026-05-03 01:27:47.487720
2015-08-01,270.7,PPI Index,FRED,csv_api,2026-05-03 01:27:47.487720
2015-09-01,264.5,PPI Index,FRED,csv_api,2026-05-03 01:27:47.487720
2015-10-01,261.4,PPI Index,FRED,csv_api,2026-05-03 01:27:47.487720
2015-11-01,260.2,PPI Index,FRED,csv_api,2026-05-03 01:27:47.487720
2015-12-01,261.2,PPI Index,FRED,csv_api,2026-05-03 01:27:47.487720
2016-01-01,256.7,PPI Index,FRED,csv_api,2026-05-03 01:27:47.487720
2016-02-01,255.4,PPI Index,FRED,csv_api,2026-05-03 01:27:47.487720
2016-03-01,254.3,PPI Index,FRED,csv_api,2026-05-03 01:27:47.487720
2016-04-01,254.0,PPI Index,FRED,csv_api,2026-05-03 01:27:47.487720
2016-05-01,257.2,PPI Index,FRED,csv_api,2026-05-03 01:27:47.487720
2016-06-01,260.1,PPI Index,FRED,csv_api,2026-05-03 01:27:47.487720
2016-07-01,259.9,PPI Index,FRED,csv_api,2026-05-03 01:27:47.487720
2016-08-01,259.5,PPI Index,FRED,csv_api,2026-05-03 01:27:47.487720
2016-09-01,260.7,PPI Index,FRED,csv_api,2026-05-03 01:27:47.487720
2016-10-01,263.3,PPI Index,FRED,csv_api,2026-05-03 01:27:47.487720
2016-11-01,262.2,PPI Index,FRED,csv_api,2026-05-03 01:27:47.487720
2016-12-01,258.1,PPI Index,FRED,csv_api,2026-05-03 01:27:47.487720
2017-01-01,260.1,PPI Index,FRED,csv_api,2026-05-03 01:27:47.487720
2017-02-01,265.1,PPI Index,FRED,csv_api,2026-05-03 01:27:47.487720
2017-03-01,269.2,PPI Index,FRED,csv_api,2026-05-03 01:27:47.487720
2017-04-01,273.8,PPI Index,FRED,csv_api,2026-05-03 01:27:47.487720
2017-05-01,274.1,PPI Index,FRED,csv_api,2026-05-03 01:27:47.487720
2017-06-01,272.9,PPI Index,FRED,csv_api,2026-05-03 01:27:47.487720
2017-07-01,270.3,PPI Index,FRED,csv_api,2026-05-03 01:27:47.487720
2017-08-01,269.9,PPI Index,FRED,csv_api,2026-05-03 01:27:47.487720
2017-09-01,272.6,PPI Index,FRED,csv_api,2026-05-03 01:27:47.487720
2017-10-01,277.2,PPI Index,FRED,csv_api,2026-05-03 01:27:47.487720
2017-11-01,278.8,PPI Index,FRED,csv_api,2026-05-03 01:27:47.487720
2017-12-01,280.3,PPI Index,FRED,csv_api,2026-05-03 01:27:47.487720
2018-01-01,275.1,PPI Index,FRED,csv_api,2026-05-03 01:27:47.487720
2018-02-01,278.0,PPI Index,FRED,csv_api,2026-05-03 01:27:47.487720
2018-03-01,282.7,PPI Index,FRED,csv_api,2026-05-03 01:27:47.487720
2018-04-01,280.7,PPI Index,FRED,csv_api,2026-05-03 01:27:47.487720
2018-05-01,285.1,PPI Index,FRED,csv_api,2026-05-03 01:27:47.487720
2018-06-01,288.0,PPI Index,FRED,csv_api,2026-05-03 01:27:47.487720
2018-07-01,289.0,PPI Index,FRED,csv_api,2026-05-03 01:27:47.487720
2018-08-01,292.6,PPI Index,FRED,csv_api,2026-05-03 01:27:47.487720
2018-09-01,290.4,PPI Index,FRED,csv_api,2026-05-03 01:27:47.487720
2018-10-01,291.4,PPI Index,FRED,csv_api,2026-05-03 01:27:47.487720
2018-11-01,286.8,PPI Index,FRED,csv_api,2026-05-03 01:27:47.487720
2018-12-01,282.2,PPI Index,FRED,csv_api,2026-05-03 01:27:47.487720
2019-01-01,276.5,PPI Index,FRED,csv_api,2026-05-03 01:27:47.487720
2019-02-01,275.8,PPI Index,FRED,csv_api,2026-05-03 01:27:47.487720
2019-03-01,273.9,PPI Index,FRED,csv_api,2026-05-03 01:27:47.487720
2019-04-01,273.9,PPI Index,FRED,csv_api,2026-05-03 01:27:47.487720
2019-05-01,275.7,PPI Index,FRED,csv_api,2026-05-03 01:27:47.487720
2019-06-01,273.2,PPI Index,FRED,csv_api,2026-05-03 01:27:47.487720
2019-07-01,272.7,PPI Index,FRED,csv_api,2026-05-03 01:27:47.487720
2019-08-01,273.1,PPI Index,FRED,csv_api,2026-05-03 01:27:47.487720
2019-09-01,273.3,PPI Index,FRED,csv_api,2026-05-03 01:27:47.487720
2019-10-01,273.8,PPI Index,FRED,csv_api,2026-05-03 01:27:47.487720
2019-11-01,271.2,PPI Index,FRED,csv_api,2026-05-03 01:27:47.487720
2019-12-01,266.1,PPI Index,FRED,csv_api,2026-05-03 01:27:47.487720
2020-01-01,265.7,PPI Index,FRED,csv_api,2026-05-03 01:27:47.487720
2020-02-01,269.6,PPI Index,FRED,csv_api,2026-05-03 01:27:47.487720
2020-03-01,268.6,PPI Index,FRED,csv_api,2026-05-03 01:27:47.487720
2020-04-01,255.8,PPI Index,FRED,csv_api,2026-05-03 01:27:47.487720
2020-05-01,249.0,PPI Index,FRED,csv_api,2026-05-03 01:27:47.487720
2020-06-01,251.1,PPI Index,FRED,csv_api,2026-05-03 01:27:47.487720
2020-07-01,254.5,PPI Index,FRED,csv_api,2026-05-03 01:27:47.487720
2020-08-01,261.2,PPI Index,FRED,csv_api,2026-05-03 01:27:47.487720
2020-09-01,262.3,PPI Index,FRED,csv_api,2026-05-03 01:27:47.487720
2020-10-01,272.2,PPI Index,FRED,csv_api,2026-05-03 01:27:47.487720
2020-11-01,273.6,PPI Index,FRED,csv_api,2026-05-03 01:27:47.487720
2020-12-01,279.1,PPI Index,FRED,csv_api,2026-05-03 01:27:47.487720
2021-01-01,287.5,PPI Index,FRED,csv_api,2026-05-03 01:27:47.487720
2021-02-01,300.4,PPI Index,FRED,csv_api,2026-05-03 01:27:47.487720
2021-03-01,326.7,PPI Index,FRED,csv_api,2026-05-03 01:27:47.487720
2021-04-01,342.8,PPI Index,FRED,csv_api,2026-05-03 01:27:47.487720
2021-05-01,350.3,PPI Index,FRED,csv_api,2026-05-03 01:27:47.487720
2021-06-01,362.9,PPI Index,FRED,csv_api,2026-05-03 01:27:47.487720
2021-07-01,371.402,PPI Index,FRED,csv_api,2026-05-03 01:27:47.487720
2021-08-01,376.96,PPI Index,FRED,csv_api,2026-05-03 01:27:47.487720
2021-09-01,377.061,PPI Index,FRED,csv_api,2026-05-03 01:27:47.487720
2021-10-01,379.449,PPI Index,FRED,csv_api,2026-05-03 01:27:47.487720
2021-11-01,375.398,PPI Index,FRED,csv_api,2026-05-03 01:27:47.487720
2021-12-01,367.883,PPI Index,FRED,csv_api,2026-05-03 01:27:47.487720
2022-01-01,357.296,PPI Index,FRED,csv_api,2026-05-03 01:27:47.487720
2022-02-01,357.647,PPI Index,FRED,csv_api,2026-05-03 01:27:47.487720
2022-03-01,357.628,PPI Index,FRED,csv_api,2026-05-03 01:27:47.487720
2022-04-01,370.66,PPI Index,FRED,csv_api,2026-05-03 01:27:47.487720
2022-05-01,377.211,PPI Index,FRED,csv_api,2026-05-03 01:27:47.487720
2022-06-01,380.764,PPI Index,FRED,csv_api,2026-05-03 01:27:47.487720
2022-07-01,373.717,PPI Index,FRED,csv_api,2026-05-03 01:27:47.487720
2022-08-01,362.99,PPI Index,FRED,csv_api,2026-05-03 01:27:47.487720
2022-09-01,361.292,PPI Index,FRED,csv_api,2026-05-03 01:27:47.487720
2022-10-01,353.335,PPI Index,FRED,csv_api,2026-05-03 01:27:47.487720
2022-11-01,337.078,PPI Index,FRED,csv_api,2026-05-03 01:27:47.487720
2022-12-01,333.108,PPI Index,FRED,csv_api,2026-05-03 01:27:47.487720
2023-01-01,327.564,PPI Index,FRED,csv_api,2026-05-03 01:27:47.487720
2023-02-01,334.96,PPI Index,FRED,csv_api,2026-05-03 01:27:47.487720
2023-03-01,338.133,PPI Index,FRED,csv_api,2026-05-03 01:27:47.487720
2023-04-01,344.749,PPI Index,FRED,csv_api,2026-05-03 01:27:47.487720
2023-05-01,340.782,PPI Index,FRED,csv_api,2026-05-03 01:27:47.487720
2023-06-01,334.366,PPI Index,FRED,csv_api,2026-05-03 01:27:47.487720
2023-07-01,322.48,PPI Index,FRED,csv_api,2026-05-03 01:27:47.487720
2023-08-01,318.412,PPI Index,FRED,csv_api,2026-05-03 01:27:47.487720
2023-09-01,317.718,PPI Index,FRED,csv_api,2026-05-03 01:27:47.487720
2023-10-01,318.102,PPI Index,FRED,csv_api,2026-05-03 01:27:47.487720
2023-11-01,318.798,PPI Index,FRED,csv_api,2026-05-03 01:27:47.487720
2023-12-01,317.748,PPI Index,FRED,csv_api,2026-05-03 01:27:47.487720
2024-01-01,314.049,PPI Index,FRED,csv_api,2026-05-03 01:27:47.487720
2024-02-01,320.519,PPI Index,FRED,csv_api,2026-05-03 01:27:47.487720
2024-03-01,317.074,PPI Index,FRED,csv_api,2026-05-03 01:27:47.487720
2024-04-01,320.7,PPI Index,FRED,csv_api,2026-05-03 01:27:47.487720
2024-05-01,321.393,PPI Index,FRED,csv_api,2026-05-03 01:27:47.487720
2024-06-01,321.248,PPI Index,FRED,csv_api,2026-05-03 01:27:47.487720
2024-07-01,324.553,PPI Index,FRED,csv_api,2026-05-03 01:27:47.487720
2024-08-01,325.268,PPI Index,FRED,csv_api,2026-05-03 01:27:47.487720
2024-09-01,315.105,PPI Index,FRED,csv_api,2026-05-03 01:27:47.487720
2024-10-01,320.429,PPI Index,FRED,csv_api,2026-05-03 01:27:47.487720
2024-11-01,317.001,PPI Index,FRED,csv_api,2026-05-03 01:27:47.487720
2024-12-01,315.192,PPI Index,FRED,csv_api,2026-05-03 01:27:47.487720
2025-01-01,315.011,PPI Index,FRED,csv_api,2026-05-03 01:27:47.487720
2025-02-01,321.45,PPI Index,FRED,csv_api,2026-05-03 01:27:47.487720
2025-03-01,325.548,PPI Index,FRED,csv_api,2026-05-03 01:27:47.487720
2025-04-01,322.852,PPI Index,FRED,csv_api,2026-05-03 01:27:47.487720
2025-05-01,319.543,PPI Index,FRED,csv_api,2026-05-03 01:27:47.487720
2025-06-01,317.427,PPI Index,FRED,csv_api,2026-05-03 01:27:47.487720
2025-07-01,315.615,PPI Index,FRED,csv_api,2026-05-03 01:27:47.487720
2025-08-01,313.877,PPI Index,FRED,csv_api,2026-05-03 01:27:47.487720
2025-09-01,309.16,PPI Index,FRED,csv_api,2026-05-03 01:27:47.487720
2025-10-01,309.279,PPI Index,FRED,csv_api,2026-05-03 01:27:47.487720
2025-11-01,307.1,PPI Index,FRED,csv_api,2026-05-03 01:27:47.487720
2025-12-01,302.525,PPI Index,FRED,csv_api,2026-05-03 01:27:47.487720
2026-01-01,302.701,PPI Index,FRED,csv_api,2026-05-03 01:27:47.487720
2026-02-01,304.857,PPI Index,FRED,csv_api,2026-05-03 01:27:47.487720
2026-03-01,312.519,PPI Index,FRED,csv_api,2026-05-03 01:27:47.487720
